<?xml version="1.0" encoding="UTF-8"?>
<nmsession xmlns:xsi="http://www.w3.org/2001/XMLSchema-instance"
		   xsi:noNamespaceSchemaLocation="../../NMSessionMLDev/NMSessMLMATLAB.xsd"
		   notificationmode="NONE"
		   logecho="true"
		   showwebpage="true"
		   id="NMSessionML03">
		   
	<simset>
		<id>NMSessionML03SS</id>
		<simtype>SIM_NEUR_PURKINJE_MIYASHO2001_KH</simtype>
		<commentline>
			<comment>cmd    id            curr  vinit delay stimdur tstep tstop   rcdintvl Kh_soma  Kh_smooth Kh_spiny</comment>
		</commentline>
		<simdef notifications="true">
			<id>KhStudyneg0800A</id> 
			<param01>-0.80</param01>	
			<param02>-65.0</param02>
			<param03>20.0</param03>
			<param04>400.0</param04>
			<param05>0.025</param05>
			<param06>1000.0</param06>
			<param07>0.1</param07>
			<param08>0.0005</param08>
			<param09>0.0000</param09>
			<param10>0.0000</param10>
		</simdef>
		<simdef notifications="true">
			<id>KhStudyneg0600A</id>
			<param01>-0.60</param01>	
			<param02>-65.0</param02>
			<param03>20.0</param03>
			<param04>400.0</param04>
			<param05>0.025</param05>
			<param06>1000.0</param06>
			<param07>0.1</param07>
			<param08>0.0005</param08>
			<param09>0.0000</param09>
			<param10>0.0000</param10>
		</simdef>
		<simdef notifications="true">
			<id>KhStudyneg0400A</id>
			<param01>-0.40</param01>	
			<param02>-65.0</param02>
			<param03>20.0</param03>
			<param04>400.0</param04>
			<param05>0.025</param05>
			<param06>1000.0</param06>
			<param07>0.1</param07>
			<param08>0.0005</param08>
			<param09>0.0000</param09>
			<param10>0.0000</param10>
		</simdef>
		<simdef notifications="true">
			<id>KhStudyneg0200A</id>
			<param01>-0.20</param01>	
			<param02>-65.0</param02>
			<param03>20.0</param03>
			<param04>400.0</param04>
			<param05>0.025</param05>
			<param06>1000.0</param06>
			<param07>0.1</param07>
			<param08>0.0005</param08>
			<param09>0.0000</param09>
			<param10>0.0000</param10>
		</simdef>
		<simdef notifications="true">
			<id>KhStudypos0000A</id>
			<param01>-0.00</param01>	
			<param02>-65.0</param02>
			<param03>20.0</param03>
			<param04>400.0</param04>
			<param05>0.025</param05>
			<param06>1000.0</param06>
			<param07>0.1</param07>
			<param08>0.0005</param08>
			<param09>0.0000</param09>
			<param10>0.0000</param10>
		</simdef>
		<simdef notifications="true">
			<id>KhStudypos0200A</id>
			<param01>0.20</param01>	
			<param02>-65.0</param02>
			<param03>20.0</param03>
			<param04>400.0</param04>
			<param05>0.025</param05>
			<param06>1000.0</param06>
			<param07>0.1</param07>
			<param08>0.0005</param08>
			<param09>0.0000</param09>
			<param10>0.0000</param10>
		</simdef>
		<simdef notifications="true">
			<id>KhStudypos0400A</id>
			<param01>0.40</param01>	
			<param02>-65.0</param02>
			<param03>20.0</param03>
			<param04>400.0</param04>
			<param05>0.025</param05>
			<param06>1000.0</param06>
			<param07>0.1</param07>
			<param08>0.0005</param08>
			<param09>0.0000</param09>
			<param10>0.0000</param10>
		</simdef>
	</simset>
	
	<sessionscript>
		<locationinfo>
			<userstaticdatafilepath>
				FULL_USERSTATICDATAFILE_DIRECTORY_GOES_HERE/userStaticData.ini
			</userstaticdatafilepath>
			<customdir>
				FULL_CUSTOM_DIRECTORY_GOES_HERE
			</customdir>
			<simspecdir>
				FULL_SIMSPEC_DIRECTORY_GOES_HERE
			</simspecdir>
			<resultsdir>
				FULL_RESULTS_DIRECTORY_GOES_HERE
			</resultsdir>
			<addlsearchpath></addlsearchpath>
			<addlsearchpath></addlsearchpath>
		</locationinfo>
		
		<machineset singlemachine="false" usedualkey="true" polldelay="21">
			<compilemachine>
				<infofile>MyCompileMachineInfoFile.json</infofile>
			</compilemachine>
			<standaloneserver>
				<infofile>MyServer01InfoFile.json</infofile>
				<numsimulators>4</numsimulators>
				<workdir>FULL_WORKING_DIRECTORY_HERE</workdir>
			</standaloneserver>
			<cloudserver>
				<infofile>MyCloudServer01InfoFile.json</infofile>
				<numsimulators>4</numsimulators>
				<workdir>FULL_WORKING_DIRECTORY_HERE</workdir>
			</cloudserver>
			<wispset>
				<numwisps>2</numwisps>
				<wispnameroot>myWispNameRoot</wispnameroot>
				<infofile>MyCloudInfoFile.json</infofile>
				<numsimulators>2</numsimulators>
				<workdir>NMWorkingDirectoryFromImage</workdir>
			</wispset>
			<cluster>
				<infofile>MyCluster01InfoFile.json</infofile>
				<queue>QUEUE</queue>
				<numsimulators>4</numsimulators>
				<workdir>FULL_WORKING_DIRECTORY_HERE</workdir>
			</cluster>
		</machineset>
	</sessionscript>
</nmsession>
